# Images dropped after the mask reviews of 2026-10-01..03 (first review + bleed-fallback compare),
# applied to setting D's full run. Key: SHA-256 of the raw image file. See vault decisions/full-run-setting-D.
sha256	reason
001ff355b1dfb5260a419472a1243d2ef2fd5debb9a35a25f83be2706d3a376c	after fallback: fin_cut
009e53ea5f9850b8ae084532e179712f3e5a4d3a3b8f7d508680bdc7a99ee14b	after fallback: bleed
00b1af53b04c39268b576e9012ba31f944fe67caeacc1b3ac40758e8df914013	fallback did not change it; first review: bleed
00f9eab6e72a34f90a5afb73f03ea0ac31fc103c82c40b7208055210a8125cab	fallback did not change it; first review: bleed
01217d41a6a4d4399ae1a94fc95ba2bcbf8599c7fdc68e13a48623ec221520da	fallback did not change it; first review: bleed
02601ae494d576f23fd342588bc1b90d3625e457e1454ba4115f34c1f4fed8f7	fallback did not change it; first review: bleed
03ae565b1e8bfe8c2838caf16dd6ccc8fbf5d7d56192ee33fb570f36e5b7fc4a	after fallback: bleed
03f33acc7f65a56b4027d0926691bb8f324646c13cb2fff813b73594186a47b5	after fallback: partial
07499db3971d704b91279d034d28a825a217d8cb00dd275d616df8b47ea349c1	fallback did not change it; first review: bleed
074f325d479c3b486cb08b98fac50bb171e99871c2f301d77da2650a8be15294	after fallback: bleed
08a71c3c2a542b3cb1389afdbd640f547c46bae0c16b64481c7957cedabd8734	after fallback: bleed
08be6f34bcf8142bf6c27c5447a4c5a10e7a9fe28f988ad0fcaee6075da06960	after fallback: bleed
0d3e5e2fb98ccbf589c507472f3712926f0c1514e65855d157a99edfef1270f9	fallback did not change it; first review: bleed
0d4a9b259fd6733290cc888994d382e03e36693a713023507de0e0646462634a	after fallback: bleed
0eb44a2eb878bb7ab4e646364aaf40661c55d6583e57bdd9dbe439fc63de7fd1	after fallback: bleed
0f96b22a0b6e05b4fa525fafa9deba517fc51f4cd4d41f6e344297ab36d608d0	fallback did not change it; first review: bleed
11533664ae95ff212e2f147b3cd94d68dbd663c324ab99ce115069149afa8aab	fallback did not change it; first review: bleed
14ee20898e7f6c8090d557e3d59ff2b31ca8c59a18876a5c240ed2259c238443	fallback did not change it; first review: bleed
156df9f0de769c77585ba255928954dd36d48fdb5538ce120c0986836b0c4976	after fallback: fin_cut
173318b3842ad8734f16be25e51a48f9c6b3376cdcba78bd97d6b0655cc238fb	after fallback: bleed
174de4858f358f72a958f2f1045cc94f1d1308b94f4913bba2d11397bf5f02d2	fallback did not change it; first review: bleed
1adfaba5167313a041e13515ebf45ea87a98e050e49af260a3dc046c26941498	after fallback: bleed
1ae7ccce894c24345e4df2935014c67346e0e81d9226ef13fa7ed65b844a3d43	after fallback: fin_cut
1b55a880064f15a412004a591b9230bd7713868d352040c6205af40977893cac	fallback did not change it; first review: bleed
1d28aad0be22d0fe706018fbf192bda4cb4d1e036483ad12e9adbebd1bc974c4	fallback did not change it; first review: bleed
1e2d8243e3ce5fceaf540f98b4127e1a055a6a026c848037d254845cbd33f76a	fallback did not change it; first review: bleed
1fa8c981162eeafbba078cc10472abb3c10ecd60165809b0f1a05ca4d2be88ac	fallback did not change it; first review: bleed
22a3fd2b3f18b0af814f1c330d978f3c69e5d0293e0e0c7aaae90608f95cba4f	after fallback: bleed
22c7e5159e83ae2fa9d5259f652f7a8fe87f5a5001b4c685604e32385e4f4e81	fallback did not change it; first review: bleed
233760db36af5777004f728e3a209071f34108944d042f7c79b7d099d1471a16	fallback did not change it; first review: bleed
252a4147d600094cc7af034bd5e44e1b8933d37e74519f9aaccf4872fa78f8a1	fallback did not change it; first review: bleed
25385abe8bcf82cd86521e4af5cd2e9f63262f6195262108b9fd12d3948fc3e0	fallback did not change it; first review: bleed
2b96ce87da757f0a43367f4c303329d5839b248461cc1bdc4a4e2758ac842f06	after fallback: bleed
2c9fff10a5dd17a8dc61481a5838dc1ea4a8754b5b435254dfc821b12ee76d44	after fallback: bleed
2cf81c3b16edc57c1ceefed4cd1bd1afc69d2fafe8902585eea10b940fff0522	fallback did not change it; first review: bleed
2e2bf5fe0d196f8717b1405b3c0a8452a43b39e50e0782d5aa9764295865eed6	fallback did not change it; first review: bleed
2ed66c6d63c2e59ec906c256b7291f51ef8a383fc8282e3286368c2d395bea96	fallback did not change it; first review: bleed
2f5435580603b832d7cc62a4616290841ad75e7ddeaeee9a662fdb7702cf2652	fallback did not change it; first review: bleed
3108e4b72d83c2e9ab43d7c53c8a461a092f4fd5bf26e897c231a9c326a45237	fallback did not change it; first review: bleed
3135b98cf88d211291b2a97414a78e4cbafdcba07e70408dc4ba9381d8550c76	after fallback: bleed
314d208be17f8b5eeae5c29744c066168f7f9f02db7b8d90d8e355f524424f6f	after fallback: bleed
3381930fbca4ec0e56dca029579210e29afb6159d7c907c0d69cb09499d086ed	after fallback: bleed
381d0eb6d1f92396f3af1c9e65cd9f7a2d143a3d16a312c738161a3272a7dd69	fallback did not change it; first review: bleed
3da9a3dd265817973dde6d771fde409cfb8202b98202c692fe1dd05c3d308854	after fallback: bleed
3fb2d3afa01a22ffbb532d1b7aeea02e4314401bba09a11fdf7d43de91fccc05	after fallback: bleed
410341542dac05a221a3955ad2fa8791fcd68356b1e75e73d2cd8b59949333ad	fallback did not change it; first review: bleed
417301538075598b3cfe3d17dc8787bdf8fbd3ac14cd7150a158d2298b34ebd8	after fallback: bleed
453d45847af17fc8e36e3780054acefc990f0d882a51195fe4ba8c005d7f81c2	after fallback: bleed
4753f210dd6b835d7d5fa5dfff058cc5953e7e30ddc85b8dd1614d74e597cff5	fallback did not change it; first review: bleed
4bde12d331cc6c08a3eaf9cf1a83f1bd8c47bc3318b956e27f2660289ce5d7fc	after fallback: bleed
4d36991a9f0a781c1ca4639885bd47bfff3fc77d7518f018b9d16d307a0fed4e	fallback did not change it; first review: bleed
50914346d64e111b44fb58b062b64e5d66b77422381239ece1185bcc6746fb74	fallback did not change it; first review: bleed
5135bb07372b6a7332ad171aaede447c6358b54d4b8604513397f92dcd4e27bf	fallback did not change it; first review: bleed
5263d775126390d9b415469913ce23e6f856bf46f5895130f4c88b59d32e10fd	fallback did not change it; first review: bleed
53b9bd5ea6f23a1852f3cbeadbd3bc3ce03aa6a7cfb91c26e0cfeaa758c624c0	after fallback: bleed
53c161c4bd2aa12b8605b25bd470ca8527d9cd017c9b9832c16dcf89a2b257df	fallback did not change it; first review: bleed
550dc4c055bcdad8bdea93965f2a5b3350a3edf139f375feb481f5ec30c69ee5	fallback did not change it; first review: bleed
560e4bb3b11c2634528c4078aa697caabb227faa65e67f43a5bb791dded1b616	after fallback: fin_cut
57c94175e26453ffa18240689d337e47197748305ab7ae598451bab29faa54db	after fallback: bleed
589996bfd775ff5d2027be48fbf8bc3e1c5b8cf2b27fc4eaf5ee55978a1abeac	after fallback: bleed
59e054b30dca4c1c17453a3c4461365841b9e4776d73009a62537ca17930c03c	fallback did not change it; first review: bleed
5aef052a89ea2bcef10ebd481d062e39d42cab47f33dbd76f55f4bb066fd43e0	fallback did not change it; first review: bleed
5d4f3a2bffc78959ef81008e9102d94ae19377b747fc85959c9c8664a6552fb0	after fallback: bleed
63a589c70ac1f80b19d115601cf03ec72fc830edbaeaf40dbf916c66eec07d9b	fallback did not change it; first review: bleed
63dab20546f5486ac959c887a477276c70ebd71e8b28a7609563fb2810e3cda4	fallback did not change it; first review: bleed;wrong_object
64559a72847dd40380c16c7b979627c7f63cce34c58c32674228cbe73a4dc586	fallback did not change it; first review: bleed
65b8a8785bf41c537afab2573134dc99b60c2c37f533ce20820ae509a4a61f6d	after fallback: bleed
672983b2942afbc1b96182d779701dceba76456b1d9794cfc71f54c86667f60a	fallback did not change it; first review: bleed
6903885d318c19ad46be60112f583d05dd2110d9b100d6b048e40d1ef4fa2301	fallback did not change it; first review: bleed
69f2ace3a2b307ced5555ea3e606221655dc2f536f46f325a6cc963f977e41ec	after fallback: fin_cut
6aef0f77ebe1c8f22f3e9d5a9084d99bd67f21bb5826a8df919bef4ff4f69cf8	after fallback: bleed
6b8fb651da8aeaf756c068c393e91d52db2c46f22d26e8faaaba4e6c146d7e15	after fallback: bleed,partial
6c35589faf4b4ab6de364e38ba32f7953b57f0520aa49337e6a17561f688b0bc	after fallback: bleed
6cf38caadd4005340cf4b067ab6d33131bf7b09bf042362faa6c769991225d8f	after fallback: bleed
6d3992b78592323797f4ce65ca7f5cb5c9a918a21d249d86e625e3f221983a44	fallback did not change it; first review: bleed
6d4091ac4554af7781b6f91b1eb97a302db587f9a023bd9a7ed8abd6fb64a45e	after fallback: bleed,partial
6e1b61be0544340d74ed1ca1e373e4d571b218912c7674949a731e59e4ddf915	fallback did not change it; first review: bleed
6eb83ce29781f6fe1c09bd8493edcfb23d863a906d1db861d4f39c6460ab6c15	after fallback: bleed
6ec9006572acfc5dc04afd41c7f480a5f6cc0ee454e2157347799695bee3e2b4	fallback did not change it; first review: bleed
6edaf218ebc713820b663e96167152395461eb521afe4f327d85e31dcd2863d4	fallback did not change it; first review: bleed
701c43b2a5e92b98788388116575d5222225cb4d9712d8b87c5911819b7544a4	fallback did not change it; first review: bleed
71152daa861351bd5fa01fcca0efe09d4a277b5096726f7c3a1b61c8068784bb	fallback did not change it; first review: bleed
741fcd589bad1be2571c0c44db34a7e061f91f17b6acaa7eb448ada43f8b8d92	fallback did not change it; first review: bleed
74c3b591faaae0c07f3b8d21cb6333f4a4cae291121f9b5a6ffff78ff6b2d0c6	fallback did not change it; first review: bleed
75bcd7f714a1ef0d9c271a4aac90d71a12c855ac96b5e848672a1eaab95f0bc7	after fallback: bleed
75f00278a9069596f5026329673194d2b3e84c7edb68af51d1021cd84e52b5ac	after fallback: bleed
768dd1fecd453f781edfe46d5193e8d2da9493b92cb0ffa1cfb75a8ee08e158a	fallback did not change it; first review: bleed
771c44bac9b4da232064f7f9ed9eb351da522649341fb70f420b6fb4acb608c3	after fallback: bleed
77e0d52523882b029001c5121e93dad5108c896484c045a9288897337181be6a	fallback did not change it; first review: missed_fish
790fc23687a4fe949c03502c34931af97a03e67f97a7084205fe72e7dce06d9d	fallback did not change it; first review: bleed
7931b761987fbaa5b6683be59f482df1bfe4080ff36b3b09cdd324388ad6e8c9	after fallback: missed_fish
79a55b9e84a1bbc561b79c434de34be8e39b002f50eca1cf0736d6f44ae75a76	after fallback: bleed
7fff0059af9756f20a5d4052d053b7ef885bcbb39e59c9bf7fa6049eaa0b1e37	fallback did not change it; first review: bleed
80220b32f59d6ff0b80c9d26c5e2adf99bfcf9b20d91e599ab973ad4b0e40fe2	after fallback: bleed
8048b10258e9a235261430c6d7bc2527f9b6de569fb57058dd919d693ae6dbdd	fallback did not change it; first review: bleed
81df671815971770c0ba67706e9bbf0c5cf57ad8079ae47c0e8d5fb85e4bd16c	fallback did not change it; first review: bleed
83e0c513975d2b4afc812d6c37e29ccd7cecd2f44383e82c92ef4373f8868bf2	fallback did not change it; first review: bleed
850ea55da76b52469f0c0e63f537ebf2f850612fbad91f16f20ac1ffcd1bafc8	after fallback: bleed
86c240fd2d60736e44564d694593fc1bdaf5d0b0585dff22c79b431b065c6a55	fallback did not change it; first review: bleed
88424cfa92efe3a781000761ba055d61c9225a83b59f99f8dadf5b89b0c97db5	fallback did not change it; first review: bleed
8ae5001ef020708c1ae96203edf8e33f9545591ba5eddfffc72512c0dedba159	fallback did not change it; first review: bleed
8dbc1c6ce4545ea3ed9cecd037cdc86f358c0b4ca628be360481972820a5f8fe	fallback did not change it; first review: bleed
935724e35dfc7270068b371094d2f4ba494f23c66de222388b9b13804dbadb87	fallback did not change it; first review: bleed
94730675d8fce4acd4f09f76c75ced82a5cb801cd465e61b2af26d86ab580de2	fallback did not change it; first review: bleed
951052ab8f7ad49adc34976c9b94e7ac94b201a559bb41706072beb20dcf701b	after fallback: bleed
9591468c9d2cc926720c92e9b9aa9d28c0f4c04272f90181b5bc66df3c3cf459	fallback did not change it; first review: bleed
96336bcae49cf53a306d2d1fb98576efd6310ae25f75bb21a886251dd25d15a2	fallback did not change it; first review: bleed
96decba5a91188fd9bda675099294b4ab8481cdfb3a5777a43d66e3c652764b4	fallback did not change it; first review: bleed
970cfef2a6e0f3720cfc106f2d9275d75c5ffd4dd7577a33bf0567929be855aa	fallback did not change it; first review: bleed
993d0729be03b740f8a2808108460cc04ced6116bd7130800c5d34df259e47fb	fallback did not change it; first review: bleed
999c5eed4de95eaa8274653ba6c2d9cd1c502d558025f3eaf7eaf4dc3a6095c1	fallback did not change it; first review: bleed
99cb27fa60a3499b76c355b7cd8099abbed40c300c41695d3d6b51da941ac63f	after fallback: bleed
9b0edd6fd50dc0cb56b8f07014b8b787b9a788493bb2e94d1aad61ad95d2f73d	after fallback: bleed
9cb4cd4181f14c4804dd43f8f765690b0160a161683fc4a9eef81e48de0d7b5b	fallback did not change it; first review: bleed
9e162c2f0a00e96aadbbc88971f8834d3b0ddec7aa882f2af4b23ea3b6b15452	fallback did not change it; first review: bleed
9e6600a166ea3102e0372b8fea6c1e09eeede664dc5e52687857a7d7f4da378b	after fallback: fin_cut
9ea0e5f4ed031f6ac2f2f20d8fc8245a5239ebdadec206cb43353922f813eea4	after fallback: bleed
9f553120a6f3e1aa7f1f23fed3320f1c816a66e00591ffb0e98a2c41a08595bc	after fallback: bleed
a171514cc26be810779363dd3f403d954e4435027c012300bd6515eef359bb9c	after fallback: bleed
a1d9332c0ab08ef42ff90b4e4132e71726a3becea138d9f00bce5b6e8cba8588	after fallback: bleed
a1e2bbd02ccb1bec39a31b0da6b5d16d19d0439534bcfcd9b08cac81e949c769	fallback did not change it; first review: bleed
a472fa1f878d13f1210373d3883ca828bc1c66ce8e9f0629f1241f25dae606c5	fallback did not change it; first review: bleed
a55459a0d2e96b5e5f9cb1e075d461aa04b394265f2f082b8bd25482be0e7a00	after fallback: partial
a795a3c669cbb742baba816c441d0cf2325e3e5c56e41f9a4e57aec415560f0e	fallback did not change it; first review: bleed
a9b056801e21796c4f7bc23456e9af7e1b5b5c8634b1b8914b8bbdd17a64753f	fallback did not change it; first review: bleed
aa2b9f91bd92dcb5e316276c1dc0f3ed776b9653ca40e61c4949e89908ab6c7b	fallback did not change it; first review: bleed
aa7d96acc240d0eac50c23ced2c35cb322dca5da677b9760bba2b40c65ba9b3c	after fallback: bleed
acdea51de9e199dd0dcb6acb99da671f82e70e394a17294de601c607e1e072db	fallback did not change it; first review: bleed
ad78ce784cbc2e73dc8b94b293f0ead5da47d125107ae5a75b940f5e94692911	after fallback: bleed
b22240eb05c92c3b3a98de5e05034ba07d93a1ef1f1e85a286a8d00c1f50e583	fallback did not change it; first review: bleed
b22551c2471863ac9be0472b505a32187ca3089cef1168b67ba3f518acfea4a2	fallback did not change it; first review: bleed
b2eda5cd307d85cfd68eda277e9940995fdc08445d2e9fb6c1016c384a76266f	after fallback: bleed
b4ca2fcfd0790b4a76d9d6f3582a57233e8b562ac9df3e146578cd56b2a15665	fallback did not change it; first review: bleed
b54038fe46856995878808af9428468e8f09c256f98063802028bd35dfe55f86	after fallback: bleed
b54038fe46856995878808af9428468e8f09c256f98063802028bd35dfe55f86	after fallback: bleed
b58ee8cf6662bdf454a4f29cde6890cdf3c0d2df3a99330987139c067ce559b9	fallback did not change it; first review: bleed
b93ecb8db99b35c5b7cbfe707a82e70128758bded2f67c39149a83ffe16c17b7	fallback did not change it; first review: bleed
ba81d001ed1cdd7c6c27b8971e1bbcf271781cc6d4322997f0cad1302bad77dc	fallback did not change it; first review: bleed
babc0524ff42d9580cd18dbf6ef68731ac29528d36f3526f604c561b353a10f8	fallback did not change it; first review: bleed
bb6b6c22ca820c7736436a90d402a0e7ec77e672fe1d0a82cb9b5db9f6de9571	after fallback: bleed
bcc99877a846e553bc21bd53eebb3239129569ff1cb456b5b7ca64b0f2a0ba90	after fallback: bleed
bf549f7c1691d42628eeca51107b844a1a7bfe5812e6f425f8cafdb76138e7d7	fallback did not change it; first review: bleed
c25fc5efa8e4ddd0bc9299fc8c987a090b50a443fce4cae9c13200b038bebcc5	fallback did not change it; first review: bleed
c2e8699bdf53131e27aef576e773ce5dada0d5b13b2a5b9b6ecd9cdd0e3e98f5	after fallback: bleed
c37ab57cc2bc81107fdf1ab0d30c07b2e15f3ddceff53bcd5cbdc31b9d50abb4	after fallback: fin_cut
c43893b461eed867eec7985cd07bd2cadcf964b07b3ba37655d95318f98ab8d2	after fallback: partial
c595ccdb2854074c095517e1f303c1b1e223413a7b8cb78e947481d95bd2d6e5	after fallback: bleed
c61a4a3ad7e053d07a9906996bdf86f502d45dd34988bfab33ecd0154193b678	fallback did not change it; first review: bleed
c6da3a45af3693525ddbbb4f2bd386375fc5a8fff1c72d292156a2b1fa7e4232	fallback did not change it; first review: bleed
c9aa8cebda9e9ca88aa828d1e9d19235a0a85806050e1c025d82b44ecc40ff8a	after fallback: partial
ccbf7f9afb14c276806ef8cb311d8f7f8b090730680cd0c4c5ae58eec38da875	fallback did not change it; first review: bleed
cdf781748b6cf4c43f99d7ddc79d8bf8fd3f2b7c26bed8ca95a456d1451b1b5b	fallback did not change it; first review: bleed
d028703e26fbfb49f56fc8f7ec7d410b360cb3bfd25fb5be6084d23519b3f45e	fallback did not change it; first review: bleed
d19a0952ab156e10e70f7599463492d8c922a83c54d8c14159f0d1c868a1d444	after fallback: bleed
d30ace6ac6c53d63c1444adf36fb397d0095ee5948d2c0dcf225516a3e668c23	after fallback: bleed
d32811501702a9be42ee1991b2252c809dc64455f658de69f52073b2b707b11b	after fallback: partial
d4238b0eb69e5f515527356d8fdca3046113fe04eb1dbff728d94cb3bbe1f037	after fallback: bleed
d6663cf3a75433e202aa2111c4c1f0bc2139f9ef533dba62885ac388092dc33b	fallback did not change it; first review: bleed
d8a2340d64452ad2ef629006c6aac9c23a9a77ff11c13a75ac839e299327d8f7	after fallback: bleed
d98c5ac434fa3c653cd0eb8654b21a4e0a94d02f0d2ee05f9df830d63bfe6743	fallback did not change it; first review: bleed
dd4672c3052ccea1468bf2501e08f843cc9088f0f21f5e0e66d375806ddc504c	fallback did not change it; first review: bleed
dda1264dc98349ebbffc80a3ef2a4f425118c4312737585e2a26f50fb6707463	after fallback: bleed
df0c10a35f60ec89497355824d0be68a5da3c9e6ad4eb5024a71facb30ccc151	fallback did not change it; first review: bleed
e084339d03403d31bc771851b6dc6580e9f23a9e734b5255c72aeafdbb66144b	fallback did not change it; first review: bleed
e382bb3757632603221de86b8abc76202f6dc3f6e89d346805392738421031f5	fallback did not change it; first review: bleed
e5e146a93c21b237079a8d875f59b14c6e6ceb168ee7f43885986263cf3882e3	fallback did not change it; first review: bleed
e6a0e4e4a6816d8ec9cf9599b77446c5db4e51cfb55ae517383f0ec6f2c79335	fallback did not change it; first review: bleed
e819a3da114f7422db03a6e3b00533e0b30746d21a6b8a67cefcff220e91354b	fallback did not change it; first review: bleed
e8ec053a1c0cc559c6a3303ad02f937c7a9dc65a72a12e70cdf8e6480685bda2	fallback did not change it; first review: bleed
ee4d4f663260a2f5a30790f487388d5b7d8c9f05e236d6e405993040d48ffc24	after fallback: bleed
ef889a8d441cd045363593a4b3528412bf2c0dfee74b55ea6c03d6ee0f4265ea	fallback did not change it; first review: bleed
f77961cab85e70f07bada6952d9e0544ab05ce7d46cc22f85a68a134777477f0	fallback did not change it; first review: bleed
f7f29839aed602d4b28477f00ec49a03f951744c119ff3e6e4a960b63c94d3c0	fallback did not change it; first review: bleed
f9fd66881edc9f6e8e4611fa0d284e18677d1518f06e0f6d38a658335a150127	fallback did not change it; first review: bleed
fbe67d4fa59db5306686bd4cf1059cd879b9e6b0e90bad2ae33f4ec8377924d9	after fallback: bleed
fdbd70eb77cc76434e743b5ea72435c15aaaa25d8d7d3d6aa1ffa9a8693ec031	after fallback: bleed
